i,fi
0,26
1,23
2,20
3,13
4,18
5,18
6,17
7,20
8,19
9,20
10,18
11,21
12,17
13,19
14,19
15,28
16,13
17,16
18,12
19,17
20,23
21,24
22,20
23,19
24,19
25,13
26,21
27,26
28,22
29,32
30,21
31,21
32,19
33,16
34,16
35,20
36,18
37,12
38,21
39,20
40,20
41,17
42,11
43,17
44,23
45,15
46,27
47,18
48,15
49,17
50,23
51,30
52,21
53,19
54,19
55,23
56,16
57,18
58,16
59,18
60,25
61,21
62,16
63,17
64,22
65,21
66,14
67,15
68,22
69,17
70,17
71,26
72,16
73,22
74,17
75,19
76,17
77,19
78,20
79,23
80,18
81,22
82,21
83,17
84,28
85,20
86,18
87,27
88,11
89,14
90,20
91,18
92,23
93,19
94,17
95,23
96,20
97,12
98,18
99,20
100,29
101,18
102,24
103,15
104,19
105,21
106,20
107,16
108,17
109,21
110,20
111,22
112,21
113,22
114,16
115,29
116,17
117,18
118,17
119,18
120,14
121,21
122,25
123,20
124,29
125,26
126,18
127,19
128,18
129,17
130,20
131,22
132,21
133,27
134,26
135,15
136,18
137,20
138,28
139,15
140,27
141,19
142,22
143,28
144,12
145,22
146,12
147,26
148,21
149,27
150,20
151,16
152,14
153,18
154,20
155,20
156,14
157,22
158,11
159,22
160,27
161,25
162,12
163,20
164,17
165,16
166,18
167,23
168,21
169,28
170,18
171,20
172,18
173,13
174,29
175,21
176,22
177,23
178,19
179,13
180,21
181,20
182,18
183,15
184,24
185,28
186,18
187,20
188,21
189,19
190,19
191,22
192,20
193,27
194,15
195,22
196,15
197,13
198,22
199,16
200,22
201,21
202,24
203,22
204,17
205,25
206,19
207,25
208,16
209,22
210,28
211,19
212,24
213,20
214,17
215,28
216,22
217,23
218,20
219,14
220,25
221,25
222,23
223,12
224,22
225,17
226,28
227,24
228,8
229,17
230,12
231,19
232,26
233,16
234,21
235,16
236,27
237,20
238,18
239,22
240,19
241,30
242,19
243,14
244,22
245,18
246,19
247,19
248,19
249,21
250,16
251,22
252,21
253,14
254,21
255,17
256,24
257,22
258,20
259,30
260,14
261,28
262,22
263,19
264,21
265,31
266,17
267,19
268,21
269,23
270,14
271,34
272,22
273,15
274,26
275,19
276,21
277,15
278,11
279,29
280,31
281,26
282,19
283,14
284,20
285,17
286,23
287,15
288,18
289,20
290,28
291,16
292,23
293,14
294,20
295,19
296,15
297,12
298,19
299,18
300,22
301,18
302,27
303,14
304,21
305,15
306,20
307,19
308,24
309,13
310,18
311,26
312,18
313,14
314,24
315,22
316,17
317,13
318,26
319,28
320,23
321,20
322,27
323,23
324,17
325,23
326,27
327,14
328,25
329,23
330,18
331,20
332,14
333,22
334,20
335,20
336,21
337,16
338,22
339,22
340,18
341,21
342,22
343,19
344,25
345,15
346,17
347,18
348,16
349,14
350,23
351,17
352,19
353,24
354,10
355,32
356,19
357,14
358,15
359,22
360,25
361,23
362,19
363,19
364,20
365,18
366,18
367,15
368,21
369,23
370,20
371,26
372,15
373,13
374,13
375,18
376,22
377,10
378,22
379,17
380,21
381,21
382,18
383,21
384,26
385,22
386,17
387,33
388,18
389,27
390,23
391,14
392,22
393,19
394,24
395,15
396,27
397,21
398,30
399,24
400,12
401,20
402,16
403,19
404,19
405,18
406,17
407,21
408,20
409,25
410,19
411,18
412,17
413,23
414,17
415,23
416,20
417,18
418,25
419,19
420,24
421,25
422,16
423,17
424,21
425,22
426,14
427,26
428,23
429,28
430,15
431,20
432,25
433,19
434,23
435,18
436,13
437,29
438,17
439,16
440,21
441,17
442,20
443,21
444,15
445,17
446,18
447,23
448,22
449,24
450,18
451,22
452,20
453,22
454,25
455,21
456,20
457,24
458,19
459,13
460,23
461,23
462,16
463,18
464,22
465,24
466,18
467,17
468,24
469,23
470,16
471,22
472,18
473,22
474,21
475,22
476,16
477,19
478,21
479,26
480,19
481,28
482,18
483,17
484,20
485,17
486,21
487,22
488,24
489,16
490,22
491,20
492,20
493,20
494,23
495,31
496,20
497,19
498,18
499,19
500,14
501,15
502,16
503,19
504,27
505,25
506,13
507,13
508,23
509,20
510,17
511,22
512,24
513,21
514,31
515,18
516,9
517,22
518,21
519,26
520,20
521,20
522,25
523,15
524,21
525,18
526,22
527,16
528,21
529,18
530,18
531,26
532,25
533,26
534,28
535,23
536,32
537,20
538,24
539,19
540,25
541,22
542,23
543,14
544,18
545,18
546,17
547,18
548,20
549,22
550,24
551,17
552,14
553,19
554,22
555,15
556,10
557,22
558,29
559,16
560,18
561,13
562,23
563,23
564,13
565,22
566,24
567,19
568,18
569,18
570,14
571,20
572,15
573,17
574,20
575,25
576,17
577,24
578,17
579,18
580,16
581,20
582,21
583,26
584,18
585,14
586,23
587,15
588,17
589,19
590,18
591,17
592,18
593,27
594,19
595,18
596,18
597,22
598,15
599,24
600,16
601,15
602,21
603,28
604,33
605,14
606,13
607,24
608,19
609,31
610,14
611,21
612,22
613,15
614,19
615,23
616,22
617,19
618,16
619,15
620,22
621,25
622,9
623,23
624,20
625,14
626,22
627,23
628,13
629,17
630,13
631,14
632,24
633,19
634,22
635,18
636,22
637,16
638,24
639,17
640,17
641,29
642,18
643,23
644,16
645,19
646,27
647,22
648,23
649,22
650,15
651,28
652,28
653,28
654,22
655,20
656,18
657,21
658,22
659,18
660,21
661,19
662,21
663,15
664,20
665,20
666,12
667,22
668,32
669,19
670,16
671,14
672,22
673,21
674,27
675,21
676,17
677,16
678,21
679,18
680,21
681,16
682,27
683,14
684,24
685,23
686,28
687,34
688,19
689,16
690,19
691,18
692,22
693,19
694,24
695,23
696,13
697,27
698,18
699,19
700,18
701,13
702,13
703,17
704,22
705,22
706,25
707,18
708,18
709,18
710,20
711,13
712,18
713,13
714,16
715,19
716,17
717,16
718,20
719,16
720,17
721,17
722,23
723,14
724,30
725,16
726,17
727,21
728,17
729,22
730,11
731,24
732,20
733,21
734,22
735,20
736,21
737,23
738,15
739,16
740,16
741,23
742,17
743,14
744,27
745,21
746,20
747,16
748,21
749,20
750,17
751,13
752,17
753,17
754,18
755,17
756,29
757,22
758,20
759,26
760,12
761,24
762,31
763,21
764,21
765,14
766,26
767,15
768,17
769,19
770,27
771,18
772,16
773,18
774,28
775,31
776,24
777,17
778,19
779,13
780,15
781,23
782,22
783,13
784,32
785,21
786,21
787,16
788,17
789,17
790,21
791,23
792,16
793,24
794,32
795,25
796,21
797,21
798,16
799,14
800,20
801,21
802,24
803,21
804,21
805,28
806,19
807,32
808,12
809,25
810,31
811,28
812,18
813,31
814,22
815,21
816,17
817,18
818,17
819,16
820,25
821,20
822,18
823,21
824,17
825,16
826,19
827,23
828,25
829,13
830,22
831,14
832,23
833,19
834,11
835,18
836,17
837,18
838,23
839,20
840,26
841,17
842,22
843,11
844,19
845,20
846,25
847,15
848,24
849,21
850,18
851,19
852,20
853,15
854,16
855,23
856,16
857,12
858,31
859,18
860,27
861,26
862,17
863,21
864,23
865,23
866,20
867,22
868,22
869,22
870,17
871,18
872,16
873,14
874,25
875,21
876,26
877,21
878,21
879,24
880,17
881,21
882,16
883,22
884,21
885,20
886,15
887,21
888,20
889,16
890,26
891,18
892,18
893,34
894,19
895,19
896,16
897,24
898,22
899,25
900,14
901,19
902,26
903,22
904,20
905,18
906,16
907,18
908,20
909,22
910,22
911,17
912,20
913,11
914,18
915,20
916,16
917,17
918,16
919,30
920,22
921,21
922,25
923,15
924,18
925,15
926,19
927,22
928,22
929,18
930,22
931,9
932,17
933,22
934,20
935,17
936,18
937,14
938,23
939,19
940,20
941,28
942,16
943,18
944,18
945,18
946,27
947,19
948,22
949,32
950,24
951,14
952,19
953,21
954,14
955,19
956,21
957,28
958,26
959,19
960,20
961,18
962,16
963,15
964,21
965,13
966,23
967,21
968,18
969,20
970,19
971,17
972,19
973,20
974,17
975,18
976,25
977,15
978,23
979,23
980,19
981,21
982,23
983,21
984,19
985,16
986,26
987,16
988,28
989,19
990,18
991,20
992,21
993,21
994,18
995,17
996,17
997,23
998,18
999,21
